{
    "version": 1,
    "created_at": 1773034077.6430397,
    "config_hash": "ec951a7d415ad3e1f3c67a2244bb041dc7c9a32b0272279742d03911e4039930",
    "config": {
        "time_scale": 1.0,
        "max_dt": 0.5,
        "max_real_dt": 1.0,
        "rng_seed": 42,
        "pump": {
            "rated_hz": 60.0,
            "min_hz": 15.0,
            "rated_flow_m3h": 30.0,
            "rated_head_m": 18.0,
            "shutoff_head_m": 25.0,
            "rated_power_kw": 3.7,
            "tau_flow_s": 1.2,
            "tau_power_s": 0.8
        },
        "ejector": {
            "throat_diameter_m": 0.03,
            "v_min_m_s": 5.0,
            "v_span_m_s": 6.0,
            "mu_max": 1.3,
            "suction_eff": 0.85,
            "tau_air_s": 1.5,
            "submergence_m": 1.5,
            "backpressure_scale_kpa": 30.0
        },
        "aeration": {
            "kla20_ref_per_hr": 10.0,
            "ref_air_lpm": 500.0,
            "ref_water_m3h": 30.0,
            "theta_kla": 1.024,
            "our_base_mgL_hr": 20.0,
            "theta_our": 1.07,
            "do_noise_std": 0.01,
            "exp_air": 0.7,
            "exp_water": 0.3,
            "ratio_eps": 1e-06
        },
        "system": {
            "tank_volume_m3": 10.0,
            "static_head_m": 2.0,
            "k_loss_factor": 0.0,
            "auto_calibrate": true,
            "ambient_temp_c": 20.0,
            "heat_fraction": 0.35,
            "ua_w_per_k": 120.0,
            "do_depth_m": 1.0
        }
    },
    "state": {
        "wall_timestamp": 1773034077.642735,
        "controls": {
            "pump_hz": 47.1,
            "valve_open_pct": 50.0
        },
        "flow_m3h": 22.903448098105414,
        "head_m": 11.325652173913046,
        "power_kw": 2.0341465869270783,
        "air_flow_lpm": 207.11105774876452,
        "suction_pressure_kpa": -49.73943347522363,
        "efficiency": 0.34668141419911425,
        "do_mgL": 4.3492730995732956,
        "mlss_true_mgL": 2970.4610688722823,
        "mlss": 2970.037235463989,
        "ph": 7.261346645201897,
        "temp_c": 20.432536159112598,
        "energy_kwh": 15.029668157560053,
        "sim_hour": 19.879848156332656
    },
    "rng_state_b64": "gAWVxA4AAAAAAABLAyiKBbFJKtEAigXhcPa4AIoFizbD/QBKE1z5a0raM48rSqqcE21KB3SlLooF6TZ99QCKBcvge9kASq7H9jlKHnoneYoFavxu7wCKBRnc4fcASisWz22KBf7KpcYASkmR6luKBX4UpLwASphQ4UqKBfZDDpYASp+TkQmKBZ4gGOgASp8lwxCKBV+qXp0AigWjE9mdAEo+cbgWSob3PRqKBe5VXfMASif0kk+KBaQODeQASssSoQSKBecgLpoASlvQZUKKBRpintYAigVLFC2bAIoFiruBrwCKBSTfkIMASmqmR1lKZFZzNkqJOKI0igWiF6/wAErX5iJBSs5MwjRKUK+0DIoF2eF5sQBKO5jqaooFXbEAlgCKBUJYBvQASrMZJDeKBcb38c0AigWSVnLBAEqFWDJLigXiNs/+AEqHDvlHigV7zJ30AIoF0x74pgCKBUkZusMAigW3HKWvAEr+1/lJigU05Fm1AIoFoeR8wABK+0UyS4oFe+qbgwBK2PY4DIoFiOYFuACKBTgXSuEAigVQtd6lAEpdtD0oSlhPKHpKec/2HooFJHYnxQCKBVAEAswAigWTdhDgAEqzFCYzShOF4wtKro/se4oF6tsDswCKBQCDh8QASlZ+8UhKSHSKFYoFYAmfigBKjwM2KUoStWtXSqSCwQxKeNWHUooFkp7zkwBKuHEyEooFoOfK/QBKAFSLHooFHO9XiQCKBUDglI8AigXudjrUAErF/GkSigWbl/7+AEpXq/YHigUY4Y/DAEprXR9LigUzjp7aAEqkk/YxSi4nQCdKIpXibUqNsEk9SkrzfmCKBYRlZogASqTrq06KBT5YrtIAigXE8ty5AIoFlGsDsgBKiIrndEpiqUpBigU7j6fqAEoJGdhfigUO1jelAErMSMRCigWz0z2JAIoFtUhUqgCKBVxGIOQASovibnKKBcfa+pMAigXpS//mAEqfurMnigWV+QzxAIoFLxeb2gBKWrPSWYoFs8lgigCKBYVB/fQASsWAGXBK1jrkaEqL/kp/Smm08DSKBVtlybIAigVQi52ZAIoFV1Ph3QCKBVUC9KgAigUVviTUAIoFHPh5gQBK85TgbUqXe8hbSnUQpBNKqdPkSYoFGUlnxgBKvRtmUUrKLYYiigUsqCKHAEr8AyNNSiGJvy2KBdKo3IsASk2XIldK4gn8Y4oFzSiC1wCKBYPzhMIAigUQgneiAEpTnxMLSveaZApKdldaBIoFbsmtrABKWiFZEUrmNUwySuWXCFtKgGFWe0oE51BTigXwdv33AIoFQYnCkACKBX7pgZ0AStvSfReKBY1/cOUAigWGWTfZAEr1hksVigVYmxuZAIoFt1tP1gBKinqEWooFPpT6hgBKFXhXaIoFF/UCkwCKBQTEQJoASoqezXqKBQcmt+0ASnk7FwpKCzgJBooFIiBlogCKBSvFI90ASqJUEjZKHfOpTEpVqFtWigXNeD69AIoFRwHWkACKBYpDS5kASkfY1hVK5hTSTkr+zQpBSpwMryaKBeZAZOUASiM0r36KBb6/m8wAigUAaCuYAIoFmxDVkgBKDKmvFYoFFZB7+QBKGvhVY4oFogb3zABKWdjackpChmw8igWcREzDAErQDTB6igUy/gfWAIoFtki3tgCKBQ8LF8sASiy8ix6KBc+Yw44AStKpGmlKLm9XUIoFqAi7twBKqECFOUpwYJJjigUE+Ey7AIoFWnev0gBKixZxcIoFF0NcsgBK8lllB0pVstMESgjA7glKsTH9KooFgrwTvABKfxnnM4oF9XzQhQBKf3MOZooFR9dxxgBKTatvYkrf2owJigXXxEjAAIoFzX2TigCKBcdYWN8ASuUQRRRKOTWAUYoFihffiABKXvCOU4oFDX4arABKnlt7GEqQUf5kSvwqk2iKBRl4jd4AigUep2zTAIoF16ZukgCKBVqVEdgASsoXDldKsfAvBIoFPiqUqwCKBQuS5KwAigWEWpi5AIoF8HB+pgBK/AyJCEoIMux/igU6bBSPAEoD6+xkigX5dwCFAIoF2LpCjQCKBTgg/I4AigW/jxSdAIoFPmFlvQCKBWs8aNEAigXyuRrEAEo2vMxligUeWHqCAIoFMIm4zgCKBRGOCbwAigWJ69vIAIoF9Z4F1ABK1khnFkqtpDMTSgkjcRtKzFBVAkrz9RchigUCSDmKAEqNRsZwigUfrTujAIoFfpI46wBKA+XFRIoFWZ0UvwBKrEe8IooF/FE05wCKBbBeq+wAStmxAhKKBVL9V64AigUJEYm5AIoFnsay1QCKBemsMaoAigW07ortAIoFVjzMtABK00MtS4oF+SdAkACKBRD4RJsAStrPExyKBRn+vtYASiMLiRqKBffxv4MAigWzsDzJAIoFMdIMqQBKD1/FAYoFjoeYxABKfVMxKYoFtVmaswBKkm9sT4oFq3Az2QCKBRgrbe4AigURrqCXAIoFNTFB8QBKwIM2CUpH8Y9ASvh10ypKrMC+DooF1cRjpQBKLZCbAUpUJDopigWWiAfYAIoFHV78+ABKQo1yOEoRh5cAigX9aR21AIoFQkzL8wBKIb8ZWooFbO1G+wBKFP/OY0p1xh5gigVtYHzoAIoFeGTB8ACKBVBAx/8AigUlnpjgAEqb3acDSvOtDl2KBUkZT4gAigW+iVHYAIoFz14N0wCKBafWx9cAigUWtuveAEqzL/oWSp27jASKBY/4D/cASsU5HEuKBYFxbc4ASp6ubXmKBTfARaYAigW7BY7wAIoFLT2S9QCKBcbfBIIAigUWFYGMAIoFtLHKxQCKBUTKVLwASl6lpH2KBaZB8o8AShvbbFiKBSbeTp8AigXOodPrAIoFRl6XzQBK4NAACYoF/VkGiACKBdrlb4UASt5HGX2KBULBvs0ASpfEzyyKBZMP28UAigUX/bOOAIoF2I/T6gCKBXoVws4AigU+45f1AIoFkiBOlABKnKA/Iko2Aw0aigUfh/+sAIoF21Eq0ACKBU0GPLQAigX6rXqJAIoFY3wy/ACKBceI2KwAigXjQTbkAErXoTswSgzKFlGKBbpBJtYAShTU9DBKOMHWfUonn54LigXwtFC8AEoLzNBqSle3HnpK2m1wbUprB50dSki2cSKKBbBqRe0ASubPD2dK8oEkRIoFfL4cxwCKBWu5LNQAigWunf/kAIoFP6Ef9QCKBXkdYOsAigU77oqeAIoFdRrzkQBKcfxEdYoFZiKm+gCKBckcQ8AAigWMYS+HAEpVAl4vigVFrQ+tAEpnGXJ0igV1n76iAEpAiXd0igU13bzzAEqnquU4igXBmmXzAEqTZANsigVxv8TiAEpubYV4SmWoKXuKBfwob40AigX90LTaAEq7gJ0ZSkfbLDSKBaaZ2foAigU8oVetAIoFxDk6/ABKbvwieErEsUozigXoA+WOAErWDoNFShAz/iRKHxZYfEoeEGZ5Svgbyw9K8IDNRYoF52SuxQBK9R4iR4oFBpNa1wBKXzceK0qKUJoqStO4rVpKu9geRUoDpSFTSlCWGAKKBSjSttQASocSBAaKBemq7sEASkCXEG6KBWOxtsMAigU2aieIAEqcXNRUSoWRo3WKBcdJvIkASsSSggFKDoCAPIoFXcB2tQCKBYcwdq0AigWMjAuRAEoWqBp4igWgACnqAIoF9q/Y0gBKOkD7D4oF6WIE5wCKBfAi17EAigX8nOaiAIoFtDeqjABKlv6rE4oFrHxFgQCKBXnKV80ASrr6uztKvUaMeYoFZ+6brQBKZvn+Fkp09lIbigXDAsq7AEqSVnUcigX1HYfwAIoFcT+YywBKWZX5ZooF5klQgACKBQlHCKAASj5qFS2KBRan1boAigWEl7HPAIoFGI35hwBKFLWYXkqNp1EVSmgTOzqKBVkGeuYASn+TLVtKoNY1Y4oFsYa/+wBKkC1fIEqgXo0CigWKq/KsAIoFODN6xQCKBZQ2R8EAigXPlPHgAEroYCIlSvN+DUpKJ2xhEYoFxvvB5QCKBZSNfc0ASlKZbUGKBQbtwegAigXD1QbDAEqzDnluSsXEGRFKI9bGPErhZXszSjpK1lKKBUqtw7gASowHvVWKBV64EeAAigWV8HDCAIoFUJuusQBKKf8bQYoFGDAr5gBKACrBE0qG67BzSn6rWnKKBSy3C48ASuUmiClKIWSfc0rupKgoigVwRNidAIoFcw3SrACKBVXkS8cAigXySHmcAIoFhZWA8ACKBXMrnf8AigXXEub4AIoFEmhNoABKU2PKMkrWNGcfigUr6yLkAIoFAPfZhwBKhNg4S4oFpCNWwgBKfRPcV4oFZmlrvgBKrmweY0qIzoFWSqPRLyCKBYzVsr4ASi5k5U+KBXmZ9JUAigVh2wq+AIoFYCuEiQCKBbLDA6gASl7x3E6KBXFjSZsASvNZrTSKBZ6FQucAigUcedPEAEqx9ZEmigVOSpStAErqZKVkSodARBeKBe0ZnaYAShVMBkdKVxaCPEqXsM1KSnMwSVCKBaRviJYAigXqY0DPAErAlycWSlqwKmSKBYnYzNgASjDdwXxKPIapIYoFZUJZxABKimQub0pFFhhDigXnvmTPAIoFq5KxjACKBat5FsIASpYtgkJKCy0HQUp7F8EASqcMjxtKF1ibdEo0WRMGSuT0yBhKfoncRYoFketlrACKBbAgvocAShCmzlhKazqFEUoyxq1kigV9xhbIAEqvejIhigUxpsTuAEoVSJBiSsNeR3iKBRisoqwAigWoJCKwAIoFtCkd1ABKwPhxf0qSmTQlSrzKQXdKe43IFUpTUTdgSlNqcBtKc5W1LkpUO1pmSswMLVtK8UT8TkoT0WgbigUpdkLIAErjYFFVigWVxhq3AErCv8JligWkpsTDAEqT6v48SlW7uEFK5fyYI0qk46NgigUBHse+AIoFTfqtuwCKBR/pM+sASlrw4BmKBbGAv/kAigV21TnZAIoFzi5lqABK1Mutb0qfb1sUSqqzll+KBevpZZoASrnxBRRKcQhyJkphtjsLTbgBdJRHv9uwAhGqcRqHlC4=",
    "meta": {
        "note": "ESAProcessModel snapshot"
    }
}