{"(6, 2)": [-11.014595564030632, -11.06972801757916, -11.101868730865856, -11.04276575661725, -11.220168478844165], "(5, 4)": [-1.3431040000000003, -0.8203, -1.2695693416270002, -1.0660000000000003, -0.7000000000000001], "(4, 4)": [-0.42729300000000003, -0.7000000000000001, -0.796, 0.14359999999999995, -1.145707], "(5, 0)": [-3.337086378751847, -3.445728332237051, -3.508871333212249, -3.894187238333238, -3.6571792388885997], "(6, 0)": [-5.829109166224675, -5.669381684504348, -5.406311558848819, -5.798441010835085, -5.795708744604814], "(6, 4)": [-1.3930000000000002, -1.7823762310570002, -1.3930000000000002, -1.5728434000000002, -1.4058247897254719], "(3, 4)": [-0.763, -0.4, -0.8359000000000001, -0.7000000000000001, 0.03004193699999999], "(1, 4)": [-3.3244207000000006, -3.012981051382045, -3.727821840983639, -3.092216826754324, -2.950852809667568], "(0, 4)": [-7.384986083464831, -6.974800765058146, -6.833694060142779, -7.001703018428345, -6.360844701361735], "(0, 2)": [-4.755237737797128, -4.671577762088335, -4.769259708556191, -4.716967227599517, -4.667914641322383], "(1, 0)": [-0.9126578905, -1.0069000000000001, -1.2544000000000002, 0.035059999999999925, -1.2370665355000001], "(2, 0)": [1.0004177300000001, 0.0, 0.0, 0.0, 0.5], "(4, 0)": [-1.4534046700000003, -1.6784567732983344, -0.82537, -1.5782451370000001, -0.88640467], "(6, 3)": [-1.8794348532818446, -1.5928289977541596, -2.0080259961587443, -1.389583033, -1.6566393424348789], "(6, 1)": [-1.5562308707970258, -1.5352828275504655, -1.430587825728125, -1.7341592158037291, -2.069119514224382], "(2, 4)": [-0.608460711784603, -0.82537, -1.5402710046710952, -0.864007, -0.8698602600000002], "(1, 1)": [-1.4878115339615934, -1.2406406682354902, -1.3586930418602001, -1.33188937536108, -1.2751290818854817], "(2, 1)": [0.24158259100000004, 0.0, 0.0, 4.416865706507372, 0.0], "(3, 0)": [-0.82537, -0.4, -0.4098607934637164, -0.06300000000000001, -0.8785203286273506], "(3, 1)": [0.0, 0.0, 0.0, 0.0, -0.7000000000000001], "(5, 1)": [-0.7117, 0.0, 0.0, 0.0, 0.0], "(0, 3)": [-0.38, -0.398, -0.398, -0.6502620698452316, -0.398], "(0, 1)": [-2.802586217021404, -2.94909641883541, -2.9318498649271434, -3.0071101557094204, -2.940704027774914], "(0, 0)": [-2.5967325355, -2.6840590000000004, -2.0167, -2.07907, -2.5514200600000008], "(5, 2)": [0.0, 0.5, 0.0, 0.0, 0.0], "(4, 2)": [0.0, 0.0, -0.4, 0.0, 0.0], "(5, 3)": [-0.94078656097, -0.7536247297, -0.2, 0.0, 0.0], "(2, 3)": [0.0, 0.0, 0.0, -0.463, 0.0], "(3, 3)": [0.0, 0.0, 0.0, -0.9552890097969885, 0.0], "(1, 2)": [-2.5669300428958914, -3.058492195825662, -3.0153261595648164, -3.0122816836406874, -2.9784298252467476], "(1, 3)": [0.0, 0.0, -0.4052179066121744, 0.0, 0.0], "(2, 2)": [0.0, 0.0, 3.29737586142181, 0.14410895509000002, 0.0]}